Class,Overall Accuracy,IOU,F1-score
0,0.7806574819260674,0.7279318239633681,0.842546926757453
1,0.9388107858953676,0.7920474431265798,0.8839581185916564
